Fecha,EPA,PIB,AFI,PMI,VGE,RBT,CCI,IASS,IPI,IMPB
1986-06-01,,,,,,,,,,
1986-07-01,,,,,,,0.0,,,
1986-08-01,,,,,,,1.2000000000000002,,,
1986-09-01,,,,,,,-0.7999999999999998,,,
1986-10-01,,,,,,,-0.10000000000000053,,,
1986-11-01,,,,,,,0.7000000000000002,,,
1986-12-01,,,,,,,-0.7000000000000002,,,
1987-01-01,,,,,,,-0.9999999999999991,,,
1987-02-01,,,,,,,-0.3000000000000007,,,
1987-03-01,,,,,,,-1.0,,,
1987-04-01,,,,,,,-0.3000000000000007,,,
1987-05-01,,,,,,,-0.5,,,
1987-06-01,,,,,,,2.0,,,
1987-07-01,,,,,,,1.3000000000000007,,,
1987-08-01,,,,,,,1.7999999999999998,,,
1987-09-01,,,,,,,0.7000000000000002,,,
1987-10-01,,,,,,,-0.5999999999999996,,,
1987-11-01,,,,,,,-1.7000000000000002,,,
1987-12-01,,,,,,,-0.5,,,
1988-01-01,,,,,,,0.7999999999999998,,,
1988-02-01,,,,,,,0.7999999999999998,,,
1988-03-01,,,,,,,0.7000000000000002,,,
1988-04-01,,,,,,,1.2000000000000002,,,
1988-05-01,,,,,,,-0.6000000000000005,,,
1988-06-01,,,,,,,-0.7999999999999998,,,
1988-07-01,,,,,,,0.6000000000000005,,,
1988-08-01,,,,,,,2.1999999999999997,,,
1988-09-01,,,,,,,-1.2000000000000002,,,
1988-10-01,,,,,,,0.6000000000000001,,,
1988-11-01,,,,,,,-1.5999999999999996,,,
1988-12-01,,,,,,,0.2999999999999998,,,
1989-01-01,,,,,,,1.0,,,
1989-02-01,,,,,,,-1.9000000000000004,,,
1989-03-01,,,,,,,-0.7999999999999998,,,
1989-04-01,,,,,,,0.5999999999999996,,,
1989-05-01,,,,,,,0.3000000000000007,,,
1989-06-01,,,,,,,1.8999999999999995,,,
1989-07-01,,,,,,,-1.7000000000000002,,,
1989-08-01,,,,,,,2.3000000000000003,,,
1989-09-01,,,,,,,-1.4999999999999996,,,
1989-10-01,,,,,,,2.0999999999999996,,,
1989-11-01,,,,,,,-1.0,,,
1989-12-01,,,,,,,2.2,,,
1990-01-01,,,,,,,-3.6000000000000005,,,
1990-02-01,,,,,,,0.5000000000000004,,,
1990-03-01,,,,,,,-2.1,,,
1990-04-01,,,,,,,-0.40000000000000036,,,
1990-05-01,,,,,,,-0.5,,,
1990-06-01,,,,,,,0.9000000000000004,,,
1990-07-01,,,,,,,2.0,,,
1990-08-01,,,,,,,-0.09999999999999964,,,
1990-09-01,,,,,,,-10.6,,,
1990-10-01,,,,,,,3.299999999999999,,,
1990-11-01,,,,,,,1.5999999999999996,,,
1990-12-01,,,,,,,2.6000000000000005,,,
1991-01-01,,,,,,,-6.3999999999999995,,,15.451764018119414
1991-02-01,,,,,,,4.1,,,15.404312556519839
1991-03-01,,,,,,,5.0,,,15.425394531772682
1991-04-01,,,,,,,-3.4000000000000004,,,15.490285024547063
1991-05-01,,,,,,,2.8000000000000007,,,15.4193198282435
1991-06-01,,,,,,,-1.5,,,15.409450116964518
1991-07-01,,,,,,,0.09999999999999964,,,15.42138444013545
1991-08-01,,,,,,,-1.5999999999999996,,,15.456609190298465
1991-09-01,,,,,,,1.8999999999999995,,,15.440717459171692
1991-10-01,,,,,,,-1.5999999999999996,,,15.467268495452105
1991-11-01,,,,,,,-0.8999999999999995,,,15.477458663709964
1991-12-01,,,,,,,-3.1000000000000014,,,15.427924465294302
1992-01-01,,,,,,,0.0,,,15.424801512953382
1992-02-01,,,,,,,1.200000000000001,,0.026142456666779168,15.52082840728173
1992-03-01,,,,,,,-2.5999999999999996,,-0.03079005742299845,15.473150474258938
1992-04-01,,,,,,,-1.1000000000000014,,0.0012763243596047857,15.41250316310166
1992-05-01,,,,,,,-1.1999999999999993,,-0.013896715827155681,15.481329983117782
1992-06-01,,,,,,,0.5999999999999996,,-0.007277711776300322,15.495613629160754
1992-07-01,,,,,,,-2.9999999999999982,,-0.007729165279759975,15.493314193692427
1992-08-01,,,,,,,-7.100000000000001,,-0.002769562466267139,15.466378566110405
1992-09-01,,,,,,,1.1000000000000014,,-0.012935919846773558,15.522683400998572
1992-10-01,,,,,,,-1.8000000000000007,,-0.0037786523972354047,15.545384482449787
1992-11-01,,,,,,,1.1999999999999993,,-0.006970357522871673,15.468999337569397
1992-12-01,,,,,,,-0.6000000000000014,,-0.03347221449216331,15.5583447047153
1993-01-01,,,,,,,1.6000000000000014,,0.016319861742158714,15.530579187058638
1993-02-01,,,,,,,-0.8000000000000007,,-0.017680507286723213,15.496338901281668
1993-03-01,,,,,,,0.1999999999999993,,-0.0067504992008613485,15.531550163214131
1993-04-01,,,,,,,3.3000000000000007,,0.019856608335747872,15.53396569253291
1993-05-01,,,,,,,2.6000000000000014,,0.011854651626116208,15.639842556092631
1993-06-01,,,,,,,-6.400000000000002,,-0.021648137792070976,15.596267392247029
1993-07-01,,,,,,,3.3000000000000007,,0.015805731389889388,15.645493403315395
1993-08-01,,,,,,,-7.199999999999999,,-0.014495137617363874,15.633121311299783
1993-09-01,,,,,,,3.6999999999999993,,0.02360200719633898,15.617767727245793
1993-10-01,,,,,,,-1.1999999999999993,,0.007734110574193487,15.579960771843602
1993-11-01,,,,,,,-1.6999999999999993,,-0.0036158406408395294,15.724774313252855
1993-12-01,,,,,,,2.3000000000000007,,0.0188634113572137,15.642885507145525
1994-01-01,,,,,,,-2.1000000000000014,,-0.004303143572466084,15.711804044815443
1994-02-01,,,,,,,5.100000000000001,,0.011840622808599655,15.723098409850936
1994-03-01,,,,,,,0.29999999999999716,,0.023932620414326422,15.781487147624171
1994-04-01,,,,,,,0.6000000000000014,,-0.011527016644540922,15.775127527763974
1994-05-01,,,,,,,3.3999999999999986,,0.00797079135566392,15.694126997585263
1994-06-01,,,,,,,2.5000000000000018,,0.004566964477892732,15.844980881882428
1994-07-01,,,,,,,1.0,,0.016986698380109466,15.785393894136709
1994-08-01,,,,,,,1.4000000000000004,,-0.01139349636397835,15.816706915063222
1994-09-01,,,,,,,2.8999999999999986,,0.020179894403609566,15.816085226397899
1994-10-01,,,,,,,-2.8999999999999986,,-0.0013238306814615797,15.811400995392045
1994-11-01,,,,,,,2.0,,0.012896558779750045,15.760814201702116
1994-12-01,,,,,,,0.0,,0.03403366789557172,15.949104502727343
1995-01-01,,0.0021902734440140867,,,,,-3.0,,0.0054232982397479645,15.844328115764306
1995-02-01,,0.0021902734440140867,,,,,0.0,,-0.032265015943769626,15.905771969134205
1995-03-01,,0.0021902734440140867,,,,,-2.1000000000000014,,0.007650118773455006,15.910272625015581
1995-04-01,,0.001472726311209982,,,,,1.3000000000000007,,0.009641838442439266,15.818509359312708
1995-05-01,,0.001472726311209982,,,,,1.0999999999999996,,-0.0029720942433906217,15.857255813762043
1995-06-01,,0.001472726311209982,,,,,-1.799999999999999,,0.00828002517276527,15.872704269401925
1995-07-01,,0.0025147254023106433,,,,,-0.5,,-0.016509130349921186,15.816159668550075
1995-08-01,,0.0025147254023106433,,,,,2.0,,-0.006543777177224541,15.921584983011146
1995-09-01,,0.0025147254023106433,,,,,0.7999999999999989,,0.010009050551415655,15.928520573264956
1995-10-01,,0.0019094771664285304,,,,,-2.0,,-0.013418305230376681,15.870466867799403
1995-11-01,,0.0019094771664285304,,,,,2.0,,0.006254836147120635,15.960374556154743
1995-12-01,,0.0019094771664285304,,,,,0.0,,0.00764187122924298,15.866162201873934
1996-01-01,,0.0022975667619977713,,,,,3.4000000000000004,,-0.02133032864254858,15.971483930636923
1996-02-01,,0.0022975667619977713,,,0.003813498783135749,0.002514568663613659,-1.0,,0.016866325304112806,15.951013038762689
1996-03-01,,0.0022975667619977713,,,0.0010667824081931343,6.286184853543375e-05,1.4000000000000004,,-0.013522979151624703,15.907376177507242
1996-04-01,,0.0027235220602227863,,,0.0016856664456437187,-0.00023418044417411465,-1.200000000000001,,-0.010771108102283655,15.979914536950954
1996-05-01,,0.0027235220602227863,,,0.0033574418676547424,-0.0003049882901846601,0.6000000000000014,,0.005532644873698089,16.031618365968853
1996-06-01,,0.0027235220602227863,,,0.009690293556773533,0.0004888795716633254,0.1999999999999993,,0.023265302235191854,15.953293454752183
1996-07-01,,0.0016538559222555687,,,-0.0031611213004767436,0.00038810391301513647,-3.1999999999999993,,-0.01874740615455206,16.024150073812095
1996-08-01,,0.0016538559222555687,,,0.010830840362780592,0.002204774974394752,1.1999999999999993,,0.003344722009740231,16.001329731574753
1996-09-01,,0.0016538559222555687,,,0.00975307859918395,0.002260921176423736,-1.0,,0.014046670616192358,15.98415506605017
1996-10-01,,0.003307796994032053,,,-0.0027191831472004324,-0.0012049796846218541,2.1999999999999993,,0.011862394119465769,16.04580184476732
1996-11-01,,0.003307796994032053,,,-0.0034885913240243482,-0.0016878461093465802,-0.09999999999999964,,-0.00819741640891447,16.035540429281745
1996-12-01,,0.003307796994032053,,,0.01622613880684476,0.0055090439245706335,2.700000000000001,,0.0013212731841072411,16.052094597796277
1997-01-01,,0.0029929177790692187,,,-0.005917873673254803,-0.004065500551376999,3.3999999999999995,,0.008098010863324845,16.065646126242836
1997-02-01,,0.0029929177790692187,,,-0.007716481046654344,-6.735035106952836e-05,-2.5,,-0.010841851374307154,15.992130093226907
1997-03-01,,0.0029929177790692187,,,0.01815744372325767,0.002396758328613302,0.2999999999999998,,0.054985288909874086,16.075601554023265
1997-04-01,,0.0036796201846328223,,,0.011592190045904616,0.0002968481003211565,1.0,,-0.0014049382582408398,16.14857811756292
1997-05-01,,0.0036796201846328223,,,0.0006335607551415379,0.0016685205314672658,-0.2999999999999998,,-0.021536153895911347,16.083702907514724
1997-06-01,,0.0036796201846328223,,,0.0024364872781941216,0.0015131507505659059,3.8,,0.02018593156507542,16.09051755341086
1997-07-01,,0.004649258760090073,,,0.004666591767221284,0.005882758052445425,-1.0,,0.006920638330586648,16.1458953388824
1997-08-01,,0.004649258760090073,,,0.007908725620848323,-0.004029893010932817,2.2,,0.012569398835132972,16.122846431855628
1997-09-01,,0.004649258760090073,,,-0.003583909829888654,0.0005189953981838968,-2.7,,0.0020179773392232647,16.20167287042649
1997-10-01,,0.002795416580258466,,,0.021124439181435584,0.0032600851804263087,-0.40000000000000036,,0.02016738146099506,16.237794700766397
1997-11-01,,0.002795416580258466,,,-0.00169827383019161,0.0023415628637604158,1.3000000000000003,,-0.0037226744524216926,16.177241131031003
1997-12-01,,0.002795416580258466,,,-0.0008145316051590967,0.0016469420694491532,0.3999999999999999,,-0.016000928225010647,16.177628332037827
1998-01-01,,0.003640353106911872,,,0.014585438088787761,0.0006721974170007528,0.7000000000000002,,0.007936184246255529,16.187135437222945
1998-02-01,,0.003640353106911872,,,0.017922043085118133,0.000496149459020323,0.30000000000000004,,0.02801344154355423,16.212353678996475
1998-03-01,,0.003640353106911872,,,-0.008203685904486058,-0.0006749468620022014,0.0,,-0.015727692509549307,16.180907097985745
1998-04-01,,0.003160154449105631,,,0.030421444635425843,0.005805341925835705,-0.5000000000000002,,0.010291438710940959,16.214892339325736
1998-05-01,,0.003160154449105631,,,-0.01538187773003763,0.0015038541002558858,0.7000000000000002,,0.006977697090476909,16.200963438721388
1998-06-01,,0.003160154449105631,,,0.0013429315256523466,0.0014756200471799374,-0.10000000000000009,,-0.0025941970536624837,16.210655306395836
1998-07-01,,0.0034582036797313385,,,0.02113430845498332,-0.0009447577353443037,-0.3999999999999999,,0.0024695443004567608,16.219680645463733
1998-08-01,,0.0034582036797313385,,,-0.004207937402940232,0.0009508697658064946,1.0,,0.0092178804697296,16.207246886117048
1998-09-01,,0.0034582036797313385,,,0.012223528775479053,-0.0003453883054680418,0.5,,-0.013501115501576066,16.18592763078914
1998-10-01,,0.003267049416485257,,,0.008113253788548214,0.0016921795731894562,0.9,,0.008237829063875601,16.15544296277306
1998-11-01,,0.003267049416485257,,,0.014155626998056725,0.0017868119164772267,1.2000000000000002,,0.008856452726867303,16.172948758758487
1998-12-01,,0.003267049416485257,,,-0.003343488254222926,-0.00106377476297137,-0.40000000000000013,,-0.002156112090621498,16.20423151653942
1999-01-01,,0.0037983196926504683,,,-0.005616295609540245,0.006309677474306774,-0.5,,0.008456932585399812,16.176155208626597
1999-02-01,,0.0037983196926504683,,,0.012157859982716346,-0.0025519081082938655,-0.29999999999999993,,-0.023144742391869144,16.214876361477316
1999-03-01,,0.0037983196926504683,,,0.01959009714622173,0.00903281023468594,-0.5,,0.005412093651491645,16.24094342994213
1999-04-01,,0.00450547081631895,,,-0.037787778164414476,-0.003081912801624398,-1.4,,-0.005161796422226139,16.19692184366154
1999-05-01,,0.00450547081631895,,,0.03375518971249569,0.002449417904500706,-0.30000000000000004,,0.03195592829563498,16.244342816344886
1999-06-01,,0.00450547081631895,,,0.004059983448445159,0.0060105793814146935,1.4,,-0.014088423701005048,16.277553727968687
1999-07-01,,0.0036802852982704692,,,-0.002687397007401948,0.0023600931061684705,0.30000000000000004,,0.025810232685520518,16.257418242506272
1999-08-01,,0.0036802852982704692,,,0.0030337464261789293,0.003060710916556353,0.4,,-0.005026472417028138,16.26896906761915
1999-09-01,,0.0036802852982704692,,,0.0012324546739277409,0.008851793449399459,-0.6,,0.001314811582726172,16.275854753406787
1999-10-01,,0.0052236450704779,,,0.00013762985530885175,0.00012399054735556803,2.4,,0.0008498401696108715,16.293425085817358
1999-11-01,,0.0052236450704779,,,0.0007284169335965984,0.00618294117900664,-0.5,,0.0027505854834553034,16.303172237087605
1999-12-01,,0.0052236450704779,,,0.0012105024445965284,0.024994710239607976,-1.7000000000000002,,0.02352671639053483,16.344145217581758
2000-01-01,,0.004187063867029828,,,0.0323863427300326,-0.022849487883232378,0.9,,0.0035292240225066607,16.312857204610975
2000-02-01,,0.004187063867029828,,,-0.005856154096309574,0.01439141401121713,1.2,-0.0037078768561844555,0.015298640851175271,16.341825020160034
2000-03-01,,0.004187063867029828,,,-0.00657138450600403,-0.005007597059136337,0.5,-0.04173797498577514,-0.013700824193538352,16.365659659860935
2000-04-01,,0.003381926028535709,,,0.014153041116621523,0.01024575772489289,-1.1,0.07128067637155855,0.004389156140465644,16.318820087671746
2000-05-01,,0.003381926028535709,,,0.010098906617924008,0.004573848868826502,-1.5999999999999999,-0.005424617758168715,-0.005812087201984006,16.365590348462614
2000-06-01,,0.003381926028535709,,,-0.00037830676579719835,-0.004670018103787754,0.0,-0.009760618874877558,0.002445192342431568,16.40142661972517
2000-07-01,,0.0035495706882070857,,,0.001196779366553713,0.009220197583678313,0.2,0.03579006570357546,-0.0005317778955573615,16.38060947671131
2000-08-01,,0.0035495706882070857,,,-0.0016106372910762445,0.00528109181013825,0.0,-0.013353537952396799,-0.008991507432569712,16.37446862616483
2000-09-01,,0.0035495706882070857,,,0.011994527483016881,0.0021890737403440497,-2.9,0.024754989785289006,0.00270511498378756,16.38211520271265
2000-10-01,,0.003367092044246197,,,-0.014000497115896238,0.009022110412071349,-0.20000000000000018,0.007627399169154003,-0.016214041986656547,16.389680354285687
2000-11-01,,0.003367092044246197,,,0.031091923161430834,0.0014734522682511297,1.3,0.0021178751877606317,0.027201838173965598,16.436855431570823
2000-12-01,,0.003367092044246197,,,0.007894830436541156,0.006693998470892026,-0.30000000000000004,0.013086521282344776,0.000628493950760145,16.415665968097343
2001-01-01,,0.0025814497314060603,,,-0.021644808984246033,0.010406874965081414,0.7000000000000002,0.00315008820502527,-0.009127022768517179,16.42122218038345
2001-02-01,,0.0025814497314060603,,,0.007317392312542026,0.0011158272243330103,-0.5,0.009240630471629707,-0.011850050967639802,16.433529123973873
2001-03-01,,0.0025814497314060603,,,0.0069516304196035605,0.00400560717487064,0.7,-0.004647451516743395,0.005413724308586332,16.450623968450806
2001-04-01,,0.003188874210156456,,,-0.0037268789337243646,-0.0005070006511029845,-3.2,0.009722842314412006,-0.012215981804629017,16.40505345242918
2001-05-01,,0.003188874210156456,,,-0.00124209577474943,0.0021669605161500627,0.6000000000000005,0.007996104245373559,0.013885536320811909,16.433910493750627
2001-06-01,,0.003188874210156456,,,0.016059706538802843,0.012819237584985821,-0.5,0.011111717975896163,0.004875223417070806,16.418124022930346
2001-07-01,,0.0021143561715411727,,,-0.0031975458697344195,-0.00320193198565466,-1.1000000000000005,-0.006723209991267076,-0.01822540734851419,16.381555103764356
2001-08-01,,0.0021143561715411727,,,0.0033157174161058123,0.004440030586093435,1.7000000000000002,0.016433017943873196,0.03005907987018741,16.42112072504026
2001-09-01,,0.0021143561715411727,,,-0.007477107663460103,0.003954325106315437,-1.2999999999999998,-0.02059867145897698,-0.0180174562898765,16.422215754511733
2001-10-01,,0.0015721251755360655,,,0.0025400680882583515,0.0007806929548301866,1.7999999999999998,0.012767983809158778,-0.021301857801908852,16.416898641180232
2001-11-01,,0.0015721251755360655,,,-0.010261665384894592,0.005821877117035967,-1.5,-0.0006161972025964246,-0.006140951103215109,16.420271316268245
2001-12-01,,0.0015721251755360655,,,0.014048772250201402,0.0009989339771871997,-0.2999999999999998,0.023295997086809628,0.004458951530502908,16.35376499860864
2002-01-01,,0.002782919724087544,,,-0.006080948254171936,-0.0012105540494085076,-1.5,-0.011391615617897699,0.013699428633615618,16.437408753698513
2002-02-01,,0.002782919724087544,,,0.007788365163229116,0.0010736088186442672,1.0,0.013625837362776672,-0.00837138217651745,16.41707056256982
2002-03-01,,0.002782919724087544,,,-0.0025585704761121875,0.004049899378309796,-1.4000000000000004,-0.00014306970380317807,-0.0005127241143920713,16.345214634012528
2002-04-01,,0.0018618591899312402,,,0.010524307016747336,0.006353544159134472,-0.39999999999999947,0.0071853523292162436,0.01311959173487054,16.45873740065845
2002-05-01,,0.0018618591899312402,,,-0.005201520929590586,0.006552695995124758,0.5999999999999996,0.008050468283911982,-0.013880617017972163,16.40172104733907
2002-06-01,,0.0018618591899312402,,,-0.006855878327096221,-0.002024441859930448,-1.7999999999999998,-0.003628128296042199,0.0013335500903455255,16.3884404171029
2002-07-01,,0.0025923297552061797,,,0.00968567563324818,0.003571089118645787,-1.0999999999999996,0.011026989748915028,0.006072470763930582,16.464318176309384
2002-08-01,,0.0025923297552061797,,,0.005118839398768671,0.002616272035830036,-1.0,0.004076111566516438,0.0065842605486095,16.488872528459677
2002-09-01,,0.0025923297552061797,,,0.015330413064805093,0.005429651999586227,3.3,0.016071762170904336,0.006096938890756576,16.437283501191132
2002-10-01,,0.003197735996908276,,,0.004867268507212863,0.003133728906417055,-1.2999999999999998,-0.0015365622449747818,0.02235156015676054,16.47769611388996
2002-11-01,,0.003197735996908276,,,-0.00851493950551152,0.003518891399691526,0.6999999999999993,0.0011252145269535774,-0.027318812626086597,16.474106368069908
2002-12-01,,0.003197735996908276,,,0.01106841102752476,0.0003459373296372803,-5.799999999999999,-0.002334171948553454,-0.0005899754909899357,16.480048496701578
2003-01-01,,0.0012750688721159993,,,0.0018600817859084628,0.011313713290386218,0.5,0.009794343999849353,-0.0021436959098464214,16.474304637779845
2003-02-01,,0.0012750688721159993,,,-0.004537476334625978,0.01972582136681389,0.6999999999999993,0.0015913932126707664,0.007038369489210439,16.479354205151186
2003-03-01,,0.0012750688721159993,,,-0.0014230777217463242,-0.008372743339102762,-0.5,0.010477812120878838,0.00375146981587271,16.51162855980394
2003-04-01,,0.0024731590008162385,,,0.009094536604560943,-0.00013701945006250327,1.9000000000000004,-0.007492289676398478,0.005218548485433239,16.510632389427272
2003-05-01,,0.0024731590008162385,,,5.059324472345139e-05,0.00710023313904351,1.4000000000000004,0.0028685494265809908,-0.016371752210997847,16.527290398142704
2003-06-01,,0.0024731590008162385,,,0.002605591210349978,-0.0005693644623177008,1.1999999999999993,0.022538009209423393,0.01071848653568619,16.498526284402203
2003-07-01,,0.002783312806720654,,,0.0034579210073459876,0.0047472583766206,-1.0999999999999996,-0.0104643470553345,0.004763204767999518,16.487515543380937
2003-08-01,,0.002783312806720654,,,0.007049193720670921,6.215040399748517e-05,1.0,0.01611560530314815,-0.005156284890316165,16.485219469090936
2003-09-01,,0.002783312806720654,,,-0.014483519816613999,0.0020785691436921994,0.7999999999999998,-0.0014459987796655582,-0.004527360489325893,16.533978692214504
2003-10-01,,0.001944614310673387,,,0.02483576584703151,0.005504551122029078,-2.3,-0.00196201136119889,0.03162763514874101,16.560787452333795
2003-11-01,,0.001944614310673387,,,0.0016097515350788072,-0.0013096851283593836,1.5999999999999996,0.008779295915272378,0.0010578222868682374,16.462771563448303
2003-12-01,,0.001944614310673387,,,-0.021754383931636312,0.004369211515109939,-0.1999999999999993,0.00782174152044579,-0.026745401682103598,16.54296704347591
2004-01-01,,0.0035209958695361365,,,0.008654805892242656,-0.004531035306648334,-0.8000000000000007,0.010343274352769605,-0.012448310965486264,16.544683585333097
2004-02-01,,0.0035209958695361365,,,0.009744967326316356,0.005516857736874492,0.6999999999999993,0.0022299982327513845,0.04792265436964449,16.53706963901194
2004-03-01,,0.0035209958695361365,,,-0.00717955760848632,0.0014278411764365728,-0.09999999999999964,-0.00029448481375382585,-0.02000742587265858,16.575874065630508
2004-04-01,,0.002799073817522313,,,0.004026839775450597,-0.00116618375330102,1.2000000000000002,0.006496886105599842,0.003981207417385946,16.529503857156175
2004-05-01,,0.002799073817522313,,,0.006066215095743566,0.006060346300948538,-0.20000000000000018,0.01234084041495187,0.019968870124329463,16.53311066697947
2004-06-01,,0.002799073817522313,,,-0.008615940104018449,0.005195873265440021,-2.299999999999999,-0.0035500761147018167,-0.014698711873835535,16.570706449844113
2004-07-01,,0.002357554199675427,,,0.01160047597464331,0.0019583320886278344,1.0999999999999996,0.007876183039119411,0.0051938879414814565,16.609407881405946
2004-08-01,,0.002357554199675427,,,0.0006380618879138211,0.0009280788103405158,-1.4000000000000004,0.0007379566441425567,-0.001314209878609418,16.53943758516449
2004-09-01,,0.002357554199675427,,,0.0005756471177473799,0.004256174061493034,0.09999999999999964,0.007312532974459884,0.0003895756110008364,16.54749996130687
2004-10-01,,0.0029651307558831164,,,-0.006290297438874326,0.0003821927177929396,1.8000000000000007,0.01806903891835354,-0.012673799182869594,16.544431396934517
2004-11-01,,0.0029651307558831164,,,-0.0014819826854512996,0.005443322125690209,-0.40000000000000036,-0.0028442575586637986,0.009992396747485088,16.595992636961636
2004-12-01,,0.0029651307558831164,,,-0.007256476841278392,0.005096621821968128,0.6999999999999993,-0.0008438457852895098,-0.014266699416760176,16.572723024808226
2005-01-01,0.0045831016499793265,0.0029455734174884305,,,0.021249673117351264,-0.0009128982406458874,-1.0999999999999996,0.010479074039571046,0.006326713740453904,16.520851793085207
2005-02-01,0.0045831016499793265,0.0029455734174884305,,,-0.003822049175473019,0.0009176693752817044,-0.09999999999999964,0.007478474031586302,-0.01244456103435354,16.53083623798589
2005-03-01,0.0045831016499793265,0.0029455734174884305,,,0.011492706799482555,0.007287513400299872,-1.0999999999999996,0.005417014480793014,0.018674448574034663,16.496236579947293
2005-04-01,0.0035495547372725866,0.003176357093612007,,,0.007624108252784367,0.004402326657352518,0.5999999999999996,0.010533922158971087,0.009934595018293635,16.61461775955525
2005-05-01,0.0035495547372725866,0.003176357093612007,,,-0.0019143029569459458,-0.004336018135617792,-0.1999999999999993,-0.007776781391685361,-0.010105765786004639,16.53834968005445
2005-06-01,0.0035495547372725866,0.003176357093612007,,,0.00623171502530262,0.0027491141819204756,0.09999999999999964,0.01596288019110048,-0.001811313860593522,16.564916687726182
2005-07-01,0.003341435954112034,0.003274918986091002,,,0.001622145172810896,0.0008604262886482417,0.1999999999999993,0.00048083408046295517,0.001998785078197507,16.554904684972385
2005-08-01,0.003341435954112034,0.003274918986091002,,,-0.008021462024030868,0.006342373011059443,0.20000000000000107,0.0027164702612809677,0.005988698722854124,16.574800964630356
2005-09-01,0.003341435954112034,0.003274918986091002,,,0.014062712762235918,0.0013226701585562495,-0.20000000000000107,0.020634320991175237,0.007867924691956851,16.608869520666875
2005-10-01,0.0031712928357325865,0.0038546274604260113,,,-0.011742517512527861,0.0019824834546273706,0.3000000000000007,-0.014188889428884188,-0.017473677298923462,16.52794065882508
2005-11-01,0.0031712928357325865,0.0038546274604260113,,,0.01543828378300649,0.0028516175756605477,-3.0,0.020958283033962744,0.015671541602778838,16.609947698899855
2005-12-01,0.0031712928357325865,0.0038546274604260113,,,0.006493361895613781,0.0029608451598361896,2.6999999999999993,-0.006254086098241629,0.011329864775219356,16.586996755544572
2006-01-01,0.002488963364950081,0.0029868469302047154,,,-0.002382996628406353,0.004949251696002577,-2.299999999999999,0.01222052848024191,0.013703448099893656,16.607622622904454
2006-02-01,0.002488963364950081,0.0029868469302047154,,,0.003711181392120899,0.005564218551919353,-0.3000000000000007,0.00730168770762063,-0.016254469891499035,16.628538183939472
2006-03-01,0.002488963364950081,0.0029868469302047154,,,0.002454231710756538,-0.0009338518499477644,0.0,0.007594222862900679,0.015492397489168752,16.643701934997722
2006-04-01,0.00226214171280148,0.0031319524597875534,,,-0.006458606518286558,0.0031866843433157044,1.0,0.0002116767592390545,-0.015691970403794997,16.54111755101288
2006-05-01,0.00226214171280148,0.0031319524597875534,,,0.00461073086840269,0.005809548317868618,-1.1999999999999993,0.021936768693487707,0.012212062943710578,16.64901320716609
2006-06-01,0.00226214171280148,0.0031319524597875534,,,0.01998684623549085,0.0014744559491344233,-0.8000000000000007,0.005314969932365798,0.018557902206683075,16.63340659929715
2006-07-01,0.0035759173182169,0.0030877601856547088,,,-0.02186782042715496,0.0032443423032484375,0.40000000000000036,-0.007289454998868905,-0.016863674388822858,16.56824132671669
2006-08-01,0.0035759173182169,0.0030877601856547088,,,0.0068940542729141185,0.0034385883905647674,1.5,0.006877441548390983,-0.0024200775672778008,16.627884902046926
2006-09-01,0.0035759173182169,0.0030877601856547088,,,0.0059011006860894,0.002397175148652231,-0.8000000000000007,0.0022098738316405075,0.010614177433220462,16.599314243296625
2006-10-01,0.0032309475861212653,0.0030163320318123965,,,0.007816243680937696,0.0042604904554117695,2.8000000000000007,0.004211214516417705,0.00031231944286247426,16.624608371966175
2006-11-01,0.0032309475861212653,0.0030163320318123965,,,0.0070841552075995295,0.0034410546433019107,0.5,0.013400463821795938,0.0069084903438110246,16.607745643400968
2006-12-01,0.0032309475861212653,0.0030163320318123965,,,0.02185354173084786,-0.0011886737941466663,-1.0999999999999996,0.005893905862428994,0.006630063464282188,16.66871102374464
2007-01-01,0.002360646814940045,0.0029125310597025353,,,-0.019020110999618645,0.006500799456107487,-2.1000000000000014,-0.008875263948805667,0.00827588814510527,16.666786656686707
2007-02-01,0.002360646814940045,0.0029125310597025353,,,0.00420578604661781,-0.0008490270126211286,0.5,0.013578128072263773,-0.017327824154541815,16.635959995378073
2007-03-01,0.002360646814940045,0.0029125310597025353,,,0.018422266329199743,0.008095403367732956,0.8000000000000007,0.02149076116576687,0.028025144734840524,16.674418440745168
2007-04-01,0.0015069322579535083,0.002489702522905368,,,-0.022366909213126007,-0.0005684884995478257,-1.1999999999999993,-0.01238017811668346,-0.026797950583204333,16.595996355404537
2007-05-01,0.0015069322579535083,0.002489702522905368,,,-0.0016114703057708013,0.003466732427134467,-0.10000000000000142,0.013234390826410092,0.020642732205038428,16.64947095184009
2007-06-01,0.0015069322579535083,0.002489702522905368,,,0.0051813024262825635,0.0046164969945357015,0.40000000000000036,0.0023427636818595943,0.008841911062543062,16.673035139680472
2007-07-01,0.0013843750131160941,0.002028587873076878,,,-0.0036238803504975436,0.0036641372746073486,1.700000000000001,-0.000533831588815481,-0.02139807493762902,16.643511564757105
2007-08-01,0.0013843750131160941,0.002028587873076878,,,-0.001485714759709822,0.0018297747054587532,-2.1000000000000014,-0.007307163923288229,-0.011632450738852995,16.66857217510116
2007-09-01,0.0013843750131160941,0.002028587873076878,,,-0.0023711745673580253,0.00021607464480855043,-1.6999999999999993,0.008220663768702785,0.014638538210868468,16.603983058947357
2007-10-01,0.0006266360657178893,0.0006229703053515223,,,0.0065004230629925885,0.0022583485077403154,-0.8000000000000007,0.014028275954872882,-0.00036086808359936384,16.67752142322109
2007-11-01,0.0006266360657178893,0.0006229703053515223,,,-0.0018485472309279771,0.0029905560574254864,-1.8999999999999986,0.0023745419957226233,-0.009374309161690242,16.718709963265187
2007-12-01,0.0006266360657178893,0.0006229703053515223,,,-0.01262505701141059,0.004491284108687488,-3.400000000000002,-0.008483259291249823,0.00482543564791893,16.643155377932555
2008-01-01,-0.002371342651253864,0.00011730971323734944,,,0.007941471130394007,0.01899887392262123,-0.5999999999999979,-0.0023233785022735987,0.004134098292948529,16.719301578415948
2008-02-01,-0.002371342651253864,0.00011730971323734944,0.0006265119110437922,,-0.00969317725195129,0.008880380892450468,-0.6000000000000014,0.02404070967169325,0.016337344078571903,16.732728560542114
2008-03-01,-0.002371342651253864,0.00011730971323734944,-0.00042039064353538436,,-0.014253687514274915,0.005322188680978002,0.8000000000000007,-0.03753693967076899,-0.05528397906378224,16.636857389253286
2008-04-01,-0.0030321473184115413,-0.0007057456003369822,-0.0023619331252913156,,0.01734482737707843,0.002425296507406749,-3.5,0.011535505128400736,0.031605907431585756,16.792566528778863
2008-05-01,-0.0030321473184115413,-0.0007057456003369822,-0.004552020192054584,,-0.05401161792161613,0.004709518700185988,-4.199999999999999,-0.017884140026708906,-0.04251250723716282,16.69566192865161
2008-06-01,-0.0030321473184115413,-0.0007057456003369822,-0.004663348228689301,,-0.02585040002202632,-0.000156730945704453,-6.599999999999998,-0.013969093241800401,-0.03171691850179226,16.62354188926195
2008-07-01,-0.00615994906125709,-0.0052096217394691875,-0.003741052922039856,,0.020332160860491832,-0.002334147776355877,-1.0,-0.0010241629419729392,0.023584386297911486,16.709087004171383
2008-08-01,-0.00615994906125709,-0.0052096217394691875,-0.005745606175466378,,-0.015184626639082488,0.002352832225081869,3.5,-0.0026020746647050785,-0.03988754239853165,16.645552558993938
2008-09-01,-0.00615994906125709,-0.0052096217394691875,-0.004701098642732049,,-0.03225849391091007,0.004984561731531834,-0.8000000000000043,-0.021410197275023357,0.0022427131831186387,16.73770593277188
2008-10-01,-0.010541943825770042,-0.009034980903740516,-0.005273847139815047,,-0.01242681255968936,0.006766008554349057,-3.5,-0.05655964552852666,-0.034714300591955016,16.66021585068642
2008-11-01,-0.010541943825770042,-0.009034980903740516,-0.006912033310149113,,-0.010623053353451262,-0.002763457166844674,1.1000000000000014,-0.012141887255031847,-0.031382584629793264,16.55102886051764
2008-12-01,-0.010541943825770042,-0.009034980903740516,-0.008415580282260748,,-0.04604146422235722,0.007249851226401205,-0.7999999999999972,-0.04173706016783374,-0.07012757833735783,16.57388494967372
2009-01-01,-0.005177362520753921,0.00021815442144716238,-0.006909878356086807,,-0.017660213019312643,-0.00549945981943889,0.3999999999999986,-0.0029407336716209542,-0.017492359670670865,16.51437412474755
2009-02-01,-0.005177362520753921,0.00021815442144716238,-0.006470093608905714,,0.00420220127432458,0.0029439758755946954,-4.399999999999999,-0.01199736405936136,-6.901005084802847e-05,16.507076196923606
2009-03-01,-0.005177362520753921,0.00021815442144716238,-0.006781603883302623,,-0.01661762899259145,0.003495656480131615,6.5,-0.017483633401609744,-0.02736474241683773,16.520299030610058
2009-04-01,-0.0027429669849728575,0.0006562461681944853,-0.005894049928116374,,0.013829874581955615,0.00800405896704337,2.8999999999999986,0.0015590606389590533,0.017715753305570736,16.531566087548473
2009-05-01,-0.0027429669849728575,0.0006562461681944853,-0.0037457824312330246,,-0.013952796622075603,-0.0004029380107066771,4.899999999999999,-0.009013694147327556,-0.012218846623505364,16.52573775259402
2009-06-01,-0.0027429669849728575,0.0006562461681944853,-0.002598229509152006,,0.013995783745719415,0.0023212462006583223,0.8999999999999986,0.0028882155848544144,0.010584973283692456,16.584404682111703
2009-07-01,-0.0016005482113167584,-8.113550163487322e-05,-0.002210701172002061,,-0.002317059302225033,0.0036343764510107235,3.0,0.013562949600380847,0.014226342901362266,16.5921436023932
2009-08-01,-0.0016005482113167584,-8.113550163487322e-05,-0.0014783261222621746,,0.004991519983796877,-0.003443454920694755,0.9000000000000021,-0.0015598888956871448,0.013154036946141368,16.585973314410367
2009-09-01,-0.0016005482113167584,-8.113550163487322e-05,-0.002232816257874859,,-0.012294471359961534,0.0029954183453613226,-0.8000000000000007,0.009138903676202403,-0.004316763302457893,16.59878847693304
2009-10-01,-0.0013990573819704366,-0.0002973357627551465,-0.0015527142848128506,,0.005992280953167395,-0.001678144457204489,0.6000000000000014,-0.007492425590503338,-0.0007310262471547091,16.613001603988888
2009-11-01,-0.0013990573819704366,-0.0002973357627551465,1.1603046331742917e-05,,-0.001025589760792478,0.0007270377164756425,-0.5,-0.0021669822428949104,0.0121627115354066,16.60701015592669
2009-12-01,-0.0013990573819704366,-0.0002973357627551465,-0.0012789388829208548,,-0.001788664118634209,-0.0017413363856881858,2.599999999999998,0.009143640064817049,-0.018275469027270397,16.66621473993444
2010-01-01,-0.0014049542254041352,0.00041078803738100095,-0.0019229987574007623,,-0.012887099493915422,-0.0005716900464474151,-0.09999999999999787,-0.005221751048933854,-0.02225036367570965,16.62728634482372
2010-02-01,-0.0014049542254041352,0.00041078803738100095,-0.0006400778909636529,,0.006317994826040341,0.004490973448542768,-2.8000000000000007,-0.00033344242561028636,0.0036046899951296396,16.672644564903475
2010-03-01,-0.0014049542254041352,0.00041078803738100095,-0.002175804386460811,,0.018929076839156345,-0.0073249529253969214,-1.1000000000000014,0.022170877894154728,0.04473158348727502,16.72900362994165
2010-04-01,-0.0005968082161592984,-0.00020978509595437345,-0.001754972410051181,,-0.02907682677126555,0.002178052537138875,0.6999999999999993,-0.010114403508968195,-0.02888577999283992,16.69156878831939
2010-05-01,-0.0005968082161592984,-0.00020978509595437345,-0.0013795434647043692,,0.025208896572441297,-0.00019109816285478587,-3.5,0.013130087338468321,0.023480620443847577,16.700112297247056
2010-06-01,-0.0005968082161592984,-0.00020978509595437345,-0.0010153525676379616,,-0.0015936490974421957,0.0004428066735986391,-3.1999999999999993,0.019277015522186858,-0.010335460212901992,16.730858646594776
2010-07-01,-0.0004639320410516253,0.000343965116910816,-0.0009224077977183498,,-0.05567847658093239,0.0003233878135233681,0.6999999999999993,-0.07607203294046005,-0.008140390356381033,16.70985959536881
2010-08-01,-0.0004639320410516253,0.000343965116910816,-0.0010086991795521527,,0.012750514654669587,0.0027183828346100114,4.900000000000002,0.01839155528912073,0.004940885543418538,16.711562669894025
2010-09-01,-0.0004639320410516253,0.000343965116910816,-0.0010606619836739384,,-0.0011569333136858262,-0.0013390959474657294,1.6999999999999993,0.014932325455461637,-0.012654736431159996,16.724235480201123
2010-10-01,-0.0013723736097238277,-0.00026214641881624107,-0.0003114016364946792,,0.004840498624626655,0.0026774074480933052,-0.8000000000000007,0.0010845052392083332,0.01075353029916748,16.743274184727376
2010-11-01,-0.0013723736097238277,-0.00026214641881624107,0.0005759770590838542,,0.007331996074032787,0.00022338094190565982,-0.5,0.006360063675419525,0.02434289185749794,16.78012168214041
2010-12-01,-0.0013723736097238277,-0.00026214641881624107,-0.0008567874654374918,,-0.011388793136613451,0.008147384557577908,-2.1999999999999993,-0.006039866628348101,-0.024655230200544942,16.788798862836913
2011-01-01,7.171774763392591e-06,-0.0008640683409160133,-0.00023143522451896104,,0.013403361990880214,-0.005271037772781817,-0.6000000000000014,0.008411447896871316,0.008979739442970036,16.81496253918715
2011-02-01,7.171774763392591e-06,-0.0008640683409160133,-0.0021552244490141703,,-0.007013981135628455,0.0019523621959143256,2.3000000000000007,0.0015372980748944443,-0.007828474876223623,16.811581472892357
2011-03-01,7.171774763392591e-06,-0.0008640683409160133,-0.0011552902689651035,,-0.006245813695634261,0.008480668340120623,0.0,-0.003309340603210309,-0.0033599359622478175,16.824488922317617
2011-04-01,-0.004263834890843181,-0.0020402194670493166,-0.00040351748686795474,,0.005510829111494253,-0.004649180936990405,-0.8999999999999986,0.002089456340923057,-0.0035970732960795004,16.79116867984366
2011-05-01,-0.004263834890843181,-0.0020402194670493166,-0.0014127378251238554,3.919991175077323,-0.010420843954152659,0.0006919787577412961,2.3000000000000007,-0.009911637674385965,0.001059883512043669,16.80596700227113
2011-06-01,-0.004263834890843181,-0.0020402194670493166,-0.0027575675030728775,3.929862923556477,-0.025902384519096877,0.00018637350600059222,0.3999999999999986,-0.014703773135667397,-0.017204193533430612,16.788602144536966
2011-07-01,-0.003839269775211207,-0.0018820715090065814,-0.0012628886429961739,3.9160150266976834,0.009248106541750012,0.0005609041962308936,1.0,-0.0006632752272102138,0.006772540020658191,16.804328148718167
2011-08-01,-0.003839269775211207,-0.0018820715090065814,-0.001299982402818145,3.8394523125933104,-0.011098579968419564,0.0022374946221850323,-2.1999999999999993,-0.003034142675494067,-0.001865079905723377,16.829783369145897
2011-09-01,-0.003839269775211207,-0.0018820715090065814,-0.00229745189356656,3.8110970868381857,0.008223067749248969,0.0011451632016337143,-0.1999999999999993,0.010815506758912186,-0.0010034226492772191,16.827433351576126
2011-10-01,-0.003835686096701707,-0.003152149106706285,-0.0042322670737533485,3.8022081394209395,-0.01484813087055148,-0.0019862479522245735,-2.0,-0.008131951320625497,-0.02739842197361053,16.79542761024549
2011-11-01,-0.003835686096701707,-0.003152149106706285,-0.00222774367222911,3.7328963395307104,-0.009675229232997573,0.0001501745657828124,3.3999999999999986,-0.0042543910058086,-0.006600819342162723,16.863769482693716
2011-12-01,-0.003835686096701707,-0.003152149106706285,-0.0010447639142601162,3.6054978451748854,0.0005868525421215409,0.0006193560386620334,-0.10000000000000142,-0.02117516841258027,0.01609729651356684,16.822940154708355
2012-01-01,-0.0040025643863745115,-0.003246709477591203,-0.0030543939506149087,3.7400477406883357,0.0014040333439986341,-0.0007784821185685686,-4.899999999999999,0.011075668434930463,-0.001772466470671752,16.81716217466077
2012-02-01,-0.0040025643863745115,-0.003246709477591203,-0.004839971807420795,3.8308129500026027,-0.01868966673347927,-0.003068122645217386,-1.3000000000000007,-0.007011846829251489,-0.0063356036745059185,16.81029046466046
2012-03-01,-0.0040025643863745115,-0.003246709477591203,-0.0035687390149838905,3.735285826928092,-0.00674584045078408,-0.0012858296969318062,-2.5,-0.006520367087771817,-0.040897660669338975,16.806536388470395
2012-04-01,-0.003450167814858555,-0.0015341779403218088,-0.004349078254023198,3.835141961092188,-0.0027683911276463746,-0.00017483277289809251,-1.5999999999999979,-0.01920298225055994,0.005553450196220666,16.781342037877987
2012-05-01,-0.003450167814858555,-0.0015341779403218088,-0.003817486864937436,3.7400477406883357,-0.011539238776093086,-0.0005386770761273141,-2.200000000000003,-0.0059246559273677946,-0.005479059271879194,16.833332648075757
2012-06-01,-0.003450167814858555,-0.0015341779403218088,-0.0010821155510285507,3.7328963395307104,0.013528889195160154,0.002924752158519617,3.0,-0.001162714010886745,0.009718722231346177,16.830443009459433
2012-07-01,-0.004051299419344308,-0.0027754322133806872,-0.00295518655879512,3.770459441106359,-0.009059287298215146,-0.0012008083959580418,-2.5,-0.00481053677831067,-0.006482765305094063,16.857294903089812
2012-08-01,-0.004051299419344308,-0.0027754322133806872,-0.001704939842051445,3.7773481021015445,0.01916936738127184,-0.0030674027558035277,-6.399999999999999,0.04658764146122163,0.014668492882015549,16.86771877232048
2012-09-01,-0.004051299419344308,-0.0027754322133806872,-0.003466863254926622,3.784189633918261,-0.06452558812576203,-0.0009574275975756663,3.0,-0.08030689702063398,-0.03651417777189181,16.798356316056672
2012-10-01,-0.0023569774974271005,-0.0009173662135838848,-0.0046383213583247596,3.6938669956249757,0.006936984201906249,-9.519195464857688e-05,2.5,0.015595920987198753,0.000400500089241973,16.87513419591413
2012-11-01,-0.0023569774974271005,-0.0009173662135838848,-0.007578120252372145,3.7184382563554808,-0.004600321632399762,0.001168730438250165,-0.10000000000000142,-0.007699396422046867,-0.01893290399508185,16.851753190775852
2012-12-01,-0.0023569774974271005,-0.0009173662135838848,-0.0057523798298309,3.7471483622379123,0.009412322420698338,-0.002403037921438589,-1.8999999999999986,0.01949279467950138,0.009625959946939489,16.835498164279116
2013-01-01,-0.0016799104130651443,-0.0003421927573645789,-0.0032055696137582856,3.7909846770510898,-0.0001501195165749536,0.0034894226084292157,4.399999999999999,-0.020079125018439115,0.009458442803978784,16.86483222134222
2013-02-01,-0.0016799104130651443,-0.0003421927573645789,-0.0028121962198657258,3.8501476017100584,0.0030985690902793905,-0.0014918304801883053,-1.1000000000000014,0.005264637820333817,-0.017288288705198163,16.861273931307707
2013-03-01,-0.0016799104130651443,-0.0003421927573645789,-0.0025041114031516543,3.7999735016195233,-0.004134907561625489,0.000930779129273418,2.400000000000002,-0.011709607823976675,0.018596715265847052,16.87759032559342
2013-04-01,-0.0002571024680744216,-0.000210274300420051,-0.0022889239050343235,3.8133070324889884,0.00012808830243571379,-0.0009137571112924903,0.1999999999999993,0.008202930677419396,-0.013917753233577024,16.923795078043305
2013-05-01,-0.0002571024680744216,-0.000210274300420051,-0.0007509605957238819,3.7932394694381792,0.007987643205474626,0.0025020863762375,-1.2999999999999972,0.005133509385834678,-0.0006576856280648968,16.916555961347463
2013-06-01,-0.0002571024680744216,-0.000210274300420051,-0.0007997717684258276,3.856510295497887,0.005930242224189364,-0.00295677387155191,2.6999999999999993,0.0017999855988932723,0.01950179615919989,16.895817480298195
2013-07-01,0.00025515546738041905,0.0006335433353695427,-0.0006377658025051858,3.86702563949741,-0.0030659684848384217,0.0031125721131450845,4.300000000000001,0.00442526356270001,-0.008032605296805606,16.838668621475108
2013-08-01,0.00025515546738041905,0.0006335433353695427,0.0009646170002550747,3.8815637979434374,-0.004247895564606807,-0.000692289392616452,1.0999999999999979,0.00980583878651764,0.01308461082898571,16.89782454657869
2013-09-01,0.00025515546738041905,0.0006335433353695427,0.0004342416186098319,3.919991175077323,0.005212128772338787,-0.001374009834233192,4.300000000000001,-0.000773467439576514,5.349395787046518e-05,16.887810406706876
2013-10-01,0.0002763603118083324,0.001257618468407884,0.0025656774571665153,3.8918202981106265,0.001947565711166277,0.0025984268162435598,-2.8000000000000007,-0.01058168356028144,0.001101339361235354,16.87909297683396
2013-11-01,0.0002763603118083324,0.001257618468407884,0.0005133151301244254,3.903990833730882,-0.00039199612087603697,-0.001801191190903495,1.3000000000000007,0.004184359851345576,-0.011673660745355363,16.8621391428484
2013-12-01,0.0002763603118083324,0.001257618468407884,0.0028815889824400642,3.9415818076696905,0.004942414030664644,-0.0001789975840100766,0.1999999999999993,0.005676660667776723,0.014149913478290088,16.884757337236014
2014-01-01,0.003344800986449551,0.001795370464560797,0.0021187297933309424,3.9926809084456005,0.004145297670050674,-0.004383927833947254,2.400000000000002,0.002733098166284975,-0.01394450252051449,16.927719006781242
2014-02-01,0.003344800986449551,0.001795370464560797,0.0010508287185970744,4.005513348515485,0.004296100566659966,0.0004619494347952724,-0.9000000000000021,-0.0012522982638962787,0.010880306875932888,16.913688656909056
2014-03-01,0.003344800986449551,0.001795370464560797,0.0005750616400366226,3.983413001514819,-0.0026457343773991226,0.0011589550634347745,2.900000000000002,-0.0030172781962836126,-0.0067270961961520825,16.862416282029294
2014-04-01,0.001435603398648529,0.002654620767922703,0.0020756317554546655,3.9889840465642745,0.020306052755525883,0.0029320218996318204,-0.40000000000000213,0.013189982087405738,0.021017300305519626,16.88320050836592
2014-05-01,0.001435603398648529,0.002654620767922703,0.002846659148270092,4.034240638152395,-0.008038193256453496,-0.004136158252999955,0.5,0.0003957940339542887,-0.010096654739875532,16.903140604617793
2014-06-01,0.001435603398648529,0.002654620767922703,0.0015566577680417026,4.019980146933238,0.0009904633485380288,-0.00014861064139815028,3.1000000000000014,-0.0037001839447219353,-0.003520116278477481,16.89961571726778
2014-07-01,0.0032081532953570266,0.00320720437791581,0.001635127781341339,4.00369019395397,0.012156205682671839,-0.0032276830012998303,-1.3000000000000007,0.00351549955662378,-0.00028855865154753246,16.937271599769318
2014-08-01,0.0032081532953570266,0.00320720437791581,0.002406832239714163,4.028916756899646,0.008278258642404168,0.0019495233768980214,2.0,0.016720040987700635,0.0015486905981800803,16.915796226404463
2014-09-01,0.0032081532953570266,0.00320720437791581,0.00233185492078114,4.062165663857866,-0.002466461489190941,0.0020641397081986312,-0.1999999999999993,-0.005437977676726824,0.006785888471817714,16.94817597678499
2014-10-01,0.0018089375383005073,0.004033496216644099,0.001187852155146274,4.021773869387265,0.0040633642753062915,-0.003089254092176752,-0.40000000000000036,-0.006255009336470607,0.001408831379841935,16.957849520998952
2014-11-01,0.0018089375383005073,0.004033496216644099,0.004056189974985358,4.023564380161053,0.008131261109437737,0.003574787415921321,-2.0,0.014478558269005681,0.0025161235390882553,16.9062288890852
2014-12-01,0.0018089375383005073,0.004033496216644099,0.003529186557171826,3.9646154555473165,-0.007196559091620536,-0.0009743142065872235,3.4000000000000004,-0.0007506924843232454,-0.008940799317294967,16.943969574416183
2015-01-01,0.0032596144096785906,0.003711859101404258,0.0016541803047989134,3.9945242269398897,0.01544362397637844,0.004128546643945796,4.699999999999999,0.007018930822043856,-0.00940853488163551,16.90787570596955
2015-02-01,0.0032596144096785906,0.003711859101404258,0.00422356390500056,4.037774210733707,0.008258423322566877,-0.001725083780153902,-0.20000000000000018,0.0017213919260186117,0.016891176713178524,16.926333764961363
2015-03-01,0.0032596144096785906,0.003711859101404258,0.004543926762174522,4.028916756899646,0.016420826860365167,0.0005947095059477547,2.6000000000000005,0.01523421685012405,0.0272860825164134,16.96958985103336
2015-04-01,0.0019714487328924926,0.003043283390183523,0.0038366049184741513,4.048300623720694,-0.02196889376415978,-0.0034771483944489034,0.8999999999999995,-0.002049958959475795,-0.022370668206222355,16.944032068289566
2015-05-01,0.0019714487328924926,0.003043283390183523,0.0031252588216990063,4.09933210373314,0.01815354101846367,0.002391587251072025,-1.5999999999999996,0.013974982314302942,0.02764550495132667,16.89598257126125
2015-06-01,0.0019714487328924926,0.003043283390183523,0.0005358313393717395,4.067315889834181,-0.001729236199418338,0.00266672828589698,-0.9000000000000004,-0.005360599996467208,0.0031985311994295884,16.955489210992738
2015-07-01,0.0027723075097198326,0.002963644247532334,0.0016491385740255993,4.027135812528651,0.01415337263072658,0.0013092451441529818,0.10000000000000053,0.007382138800881677,0.013095666576139031,17.0187789717879
2015-08-01,0.0027723075097198326,0.002963644247532334,0.0016342289801833942,4.089332020398556,-0.00145154587041052,0.00011476433157131538,0.8999999999999995,0.0029500933185442335,-0.012646851847482488,16.921931163159048
2015-09-01,0.0027723075097198326,0.002963644247532334,0.002039765542363625,4.087655574071304,0.002024706078046279,-0.0009774151991948088,1.2000000000000002,-0.001181481964379394,-0.003186863026888531,16.981313264355805
2015-10-01,0.0027640728127013383,0.002308120090218561,0.0008417962342832652,4.000033882750859,0.002983438994944798,0.0028636495417684316,1.2000000000000002,0.003155791752695869,-0.0076922271220318805,16.95938962914785
2015-11-01,0.0027640728127013383,0.002308120090218561,0.0036985686052588562,4.023564380161053,0.0005567166474138574,-0.0032852612436418127,0.7999999999999998,-0.003043802005862517,0.010379260998475637,16.96666589300862
2015-12-01,0.0027640728127013383,0.002308120090218561,0.0037323520006324884,4.037774210733707,-0.003363030616027274,0.0013471350954707972,3.2,0.005051362008452465,-0.007383659509832441,16.987499392205574
2016-01-01,0.0005080744599830211,0.0011006829094556043,0.00161662444318722,4.009149716158869,0.0034782988895534217,-0.0009734702684687235,-4.5,0.007179277631911951,0.008535950708094653,16.933021322890163
2016-02-01,0.0005080744599830211,0.0011006829094556043,0.0020211255931137373,4.000033882750859,0.006126977830087199,0.0047356236230085,-0.5,-0.0032501936867834758,0.018648535541365696,16.974562524857717
2016-03-01,0.0005080744599830211,0.0011006829094556043,0.0028653374000011667,3.9908341858524357,0.001671322284837018,-0.0016587027218344375,-2.5,0.0006163784265460492,-0.013413693159877838,16.94778225754802
2016-04-01,0.002662912028004172,0.002624679195212032,0.002268799531504939,4.012772908528289,0.012384452333735751,-0.0009744142330054828,-0.2999999999999998,0.004046322941458236,0.01828333047582653,17.027600899331894
2016-05-01,0.002662912028004172,0.002624679195212032,0.0022474430975076842,4.009149716158869,4.7653295808025575e-05,0.000757295733257557,-1.4000000000000004,0.0013737445278811933,-0.0243338169554681,16.978679913324882
2016-06-01,0.002662912028004172,0.002624679195212032,0.003668920695737654,4.014579593753238,-0.0033509663718502836,-0.002341498730789482,1.5,0.014335680073158663,-0.011953825666946472,16.995001418591073
2016-07-01,0.0016337510046966486,0.0018890640446362166,0.0034012402529750574,4.02535169073515,0.005729860131980402,2.5958051789842784e-05,-2.6999999999999993,0.008566084213526004,0.0051068322055281,16.958842271922624
2016-08-01,0.0016337510046966486,0.0018890640446362166,0.0020300207568393347,3.9908341858524357,0.002286296151329026,-0.0005532520174034161,2.5999999999999996,-0.00269905696916517,0.010583298463097357,17.001709913341077
2016-09-01,0.0016337510046966486,0.0018890640446362166,0.0022776230314125456,4.02535169073515,-8.783440754278615e-06,0.0003425729861268323,0.0,0.006823513636372347,0.007814200397798565,17.001856198979812
2016-10-01,0.0027290915778248603,0.00235170930397229,0.0036556201764668117,4.001863709427935,0.001859489347491028,-0.0014559963479126026,2.0999999999999996,0.020265697459582732,-0.00889191818074675,16.97757368114482
2016-11-01,0.0027290915778248603,0.00235170930397229,0.0020105665604450706,4.000033882750859,0.005964014298727172,0.0006458166105360874,1.2000000000000002,-0.010105131461174643,0.010523963031325856,17.035605291250963
2016-12-01,0.0027290915778248603,0.00235170930397229,0.0028350409450030867,4.009149716158869,0.004357593343813804,-0.0010879315676239898,0.09999999999999964,0.003383659109348791,-0.0002114111703441779,17.02232187226345
2017-01-01,0.002117552266229339,0.0034673947767736024,0.003435533639310151,4.007333185232471,0.008465060128264312,0.0013377487027810275,-0.5999999999999996,0.015961294642749202,0.02836886653429982,17.061297726244685
2017-02-01,0.002117552266229339,0.0034673947767736024,0.0027590294807300353,3.9926809084456005,-4.5602205089423364e-05,-0.002415847929258419,-1.9000000000000004,0.003099558366050026,-0.026558219437604613,17.058101373845517
2017-03-01,0.002117552266229339,0.0034673947767736024,0.003764939157125724,4.04305126783455,-0.002450948890801996,0.001084102095848749,1.9000000000000004,0.005837566878641454,0.0018976576156530811,17.103946719354056
2017-04-01,0.00275858762138211,0.002099182778889208,0.004599268329856798,4.050044303325521,0.005555749044737546,0.002521018555157184,1.0999999999999996,0.012401968459015755,-2.0062192798597778e-05,17.00103506265892
2017-05-01,0.00275858762138211,0.002099182778889208,0.003430508072765903,4.056988775678332,-0.0006718605254105725,-0.0009654895666901808,0.30000000000000027,-0.004899045336229868,0.0094845166078672,17.096227158404258
2017-06-01,0.00275858762138211,0.002099182778889208,0.002771704159901134,4.048300623720694,0.012675234381596567,7.891157961648076e-05,0.19999999999999973,0.0035601595882424064,0.011509539579559025,17.07209128023636
2017-07-01,0.0010626478056282214,0.0020228563528193653,0.001985182109240924,4.065602093356446,-0.007023565118723596,0.0003645106484952976,0.7000000000000002,0.0018943374068021157,-0.014604577553579468,17.01958901928035
2017-08-01,0.0010626478056282214,0.0020228563528193653,0.001046802891476517,4.053522567701846,0.00642332907568921,0.0008503410359779195,0.7,0.0012344911557518046,0.006764803260439045,17.069104014393304
2017-09-01,0.0010626478056282214,0.0020228563528193653,0.0026334904148210825,4.02535169073515,0.004754694268372717,-0.00027638132217422395,0.0,0.01200462193584162,0.006109465945274728,17.080299277313205
2017-10-01,0.0019458357829839439,0.0014225380105280887,0.002672312506989627,4.037774210733707,-0.0008536714086355701,0.0007182331773361028,-0.5999999999999999,0.0010507020549912482,0.009567576765265429,17.05600088048395
2017-11-01,0.0019458357829839439,0.0014225380105280887,0.002838962151628266,4.000033882750859,0.005022881433087711,0.0008163635992408658,-0.8000000000000003,0.0187591616333993,0.010682950875368746,17.091600270390835
2017-12-01,0.0019458357829839439,0.0014225380105280887,0.001666599545682601,3.996364153861897,0.0033723222380137585,-0.0013490037814811728,0.40000000000000036,0.0106333511837855,0.014854364227399941,17.07475297840091
2018-01-01,0.0034675665579536976,0.002166345535094353,0.003496956909947002,4.000033882750859,0.0015911661429717228,0.0026782794523807496,0.3999999999999999,-0.0085304391911043,-0.031068886448307964,17.07944048980048
2018-02-01,0.0034675665579536976,0.002166345535094353,0.0029806042130395838,4.041295341132285,0.007053096422717786,0.0005272378133724942,-1.3000000000000003,0.009387081747055603,0.0035804463911643936,17.055815997943952
2018-03-01,0.0034675665579536976,0.002166345535094353,0.0022279736579768894,4.048300623720694,-0.0017846141446815622,0.002095259015310269,-3.5,0.006956023813782686,0.020031411948121303,17.066616418400447
2018-04-01,0.0018836482508722459,0.0018558162344749125,0.0026871056320878495,4.028916756899646,0.0011366363526317258,-0.003544338466629604,1.9000000000000004,-0.007910305138911333,-0.020744521968230067,17.106304040450407
2018-05-01,0.0018836482508722459,0.0018558162344749125,0.0038834236769655917,4.018183201256536,0.008769311596132034,0.002470930043904751,0.39999999999999947,0.017710997330797618,-0.004691832198219892,17.068851581760274
2018-06-01,0.0018836482508722459,0.0018558162344749125,0.0027872071972794288,4.032469158504013,-0.008943838918412439,0.0016012495746409172,2.9000000000000004,-0.00345943520641967,-0.0016409635251646293,17.055299122620074
2018-07-01,0.0023631530836360306,0.001945171928858495,0.0010677558236800166,4.014579593753238,0.009533473230471046,0.0011331232534592672,-1.4,0.011400619061753936,0.0022985580289933694,17.073771758412036
2018-08-01,0.0023631530836360306,0.001945171928858495,8.551473589690772e-06,3.9627161197436642,0.000720100927539491,0.00043189441843516363,-1.0,0.006314157158800349,-0.004119541173794872,17.090794830937437
2018-09-01,0.0023631530836360306,0.001945171928858495,0.0022378643844813695,3.9646154555473165,-0.0026508826531665974,0.0005871168130102689,-2.9,-0.0011775839863581439,0.0016046074370477115,17.004251928805147
2018-10-01,0.0027004599437786916,0.00203738480413899,0.0036501452985309157,3.960813169597578,0.005573689180384811,0.0009319462322254779,0.5999999999999996,0.003329397850342808,0.009164674649563054,17.075857510215965
2018-11-01,0.0027004599437786916,0.00203738480413899,0.0011947917877730418,3.9889840465642745,-0.005252870124115461,0.0002234588271576854,1.5,0.006021406666922857,-0.015440226593141482,17.043560288153785
2018-12-01,0.0027004599437786916,0.00203738480413899,0.0033809018853609984,3.9889840465642745,0.006831473576686342,0.001006922553528078,-1.2999999999999998,-0.008068146506160723,0.0014935192952600929,17.017131699522107
2019-01-01,0.0009043163383453864,0.0009597774397975082,0.0026565601937562633,3.9889840465642745,0.00543063448660952,0.0006565719382054525,0.5999999999999996,0.007744999257657703,0.03410282483615745,17.048603436943836
2019-02-01,0.0009043163383453864,0.0009597774397975082,0.002197899467953235,4.001863709427935,0.010062602838517343,0.0003276310430111451,0.10000000000000053,0.010567842359288093,-0.020273083442847728,17.035725380599224
2019-03-01,0.0009043163383453864,0.0009597774397975082,0.0031158867043927785,3.9982007016691985,-0.010320847210000927,-0.0003444102206442423,3.5999999999999996,-0.0004127328129577279,-0.008752662568125125,17.063336522482633
2019-04-01,-6.921601075641585e-05,0.0006381219067952415,0.0032252412865396707,4.039536325727106,0.004428969465977595,0.0037239881388613227,-4.3,0.010206265694883143,0.01715876520230175,17.154423336601088
2019-05-01,-6.921601075641585e-05,0.0006381219067952415,0.0028740625141541187,3.9721769282478934,0.001120389253802756,4.129984375467188e-05,1.7000000000000002,0.0010822732877278085,-0.004145685906553176,17.17075133262335
2019-06-01,-6.921601075641585e-05,0.0006381219067952415,0.0017445389081984786,3.966511190712216,-0.013497850570516334,-0.0007003614229761368,2.5,-0.008505892644157242,-0.005811507923748849,17.072170242725928
2019-07-01,0.0031658091178575396,0.0018967400494632376,-0.00011191330026782964,3.9815490680767565,0.012209537996434427,0.0006207101969692985,-4.3,0.0041390064891775324,-0.008411814306228393,17.082561611908925
2019-08-01,0.0031658091178575396,0.0018967400494632376,-0.0009757231675280309,3.9684033388642534,0.0003414955673237685,0.0018676746990964332,-0.40000000000000036,-0.008925827138432041,0.008568007869419247,17.047663597391505
2019-09-01,0.0031658091178575396,0.0018967400494632376,0.000900641622388676,3.9945242269398897,0.000348675603862425,0.0006603668759375125,-1.0999999999999996,0.011270158056251312,-0.001651027871002242,17.046356079509327
2019-10-01,-0.00033297612284914163,-0.017720778213051663,0.002041027977526255,3.975936331171799,0.0028246513774465853,0.0009431854087820213,-2.4000000000000004,-0.003267190206268644,0.013267611748059238,17.06931096800987
2019-11-01,-0.00033297612284914163,-0.017720778213051663,0.00039833192645311044,3.9646154555473165,-0.009084408180231485,0.00033509700489897654,-0.1999999999999993,0.004473043851405123,-0.011597061396920516,17.037745219082375
2019-12-01,-0.00033297612284914163,-0.017720778213051663,0.0013024672625032707,3.9740583963475986,0.0036669198239609457,0.0005327885435466584,-0.9000000000000004,0.007539296334940104,-0.006129222000145873,17.042761472772536
2020-01-01,-0.023539270733905937,-0.0652992283178196,0.0008876642163802018,4.005513348515485,-0.00026014166486110213,0.0013268194585780435,-0.09999999999999964,0.009563272722965976,-0.010038332289533436,17.088697117649726
2020-02-01,-0.023539270733905937,-0.0652992283178196,0.002885513711108345,3.9569963710708773,0.006744208876964031,-6.25831794218712e-05,2.8999999999999986,-0.0015171536691873655,0.030837791421669536,17.05676398575988
2020-03-01,-0.023539270733905937,-0.0652992283178196,-0.01691812740779497,3.9531649487593215,-0.13842878418839621,-0.023838348184828106,-3.5,-0.2347538315122737,-0.1668949467357157,16.903913610481546
2020-04-01,0.008699491758746328,0.04919239496067481,-0.03550180350489107,3.1354942159291497,-0.2566088490378995,0.0026214510798210355,-21.599999999999998,-0.32186252770493695,-0.2581574426322524,16.72157304882352
2020-05-01,0.008699491758746328,0.04919239496067481,-0.002248153939191866,1.9600947840472698,0.12925735784923642,0.0014931826423101313,2.0,0.16571988507266155,0.14067698335207712,16.73532337599971
2020-06-01,0.008699491758746328,0.04919239496067481,0.001600034249934268,3.32862668882732,0.12205267478775284,0.015950740652204587,6.699999999999999,0.14098588727927996,0.11431568352333077,16.968271913750186
2020-07-01,0.004628750442755347,0.0024099615614199266,0.0075111066024131645,3.9160150266976834,0.06728634661858113,0.0004288625541644109,-0.8000000000000007,0.08113744851144311,0.07912046511104265,17.020483321856197
2020-08-01,0.004628750442755347,0.0024099615614199266,0.009451111945031343,3.949318790171843,0.022819495248401545,0.007293832898618291,-2.3999999999999986,-0.013626850522510559,0.037091645639971915,16.982836700751896
2020-09-01,0.004628750442755347,0.0024099615614199266,0.004889297232818279,3.8649313978942956,0.000978549074731383,0.003160623435370269,1.8999999999999986,-0.0017270639985076386,-0.002062809708244906,17.040370139749434
2020-10-01,0.0026922628175676997,0.003981914431992213,0.0024578344627190774,3.7471483622379123,0.0020604213081361067,0.0030800054402080335,0.6000000000000014,0.01846781190158797,0.014160565479202525,17.039391694414554
2020-11-01,0.0026922628175676997,0.003981914431992213,0.003925688785921366,3.7232808808312687,0.013499369052972554,0.000717014810802219,-0.8000000000000007,0.008013374795790007,0.006697011386085805,17.01588995524803
2020-12-01,0.0026922628175676997,0.003981914431992213,0.0017669186062594378,3.676300671907076,-0.004910695461439296,0.0007638629401887087,6.800000000000001,0.03109551203962102,-0.0006278120955398592,17.061867740628102
2021-01-01,0.0032341537751919467,0.004538560160302889,0.001663746313884218,3.871201010907891,-0.03010400157520632,-0.009226553300019091,-1.4000000000000021,-0.007249686735076644,-0.0023952824410660156,16.979454553077964
2021-02-01,0.0032341537751919467,0.004538560160302889,0.0002303704128738815,3.730501128804756,0.009105836863402494,-0.0007533736269600411,-1.6999999999999993,0.01690270981471098,-0.01083014061670795,17.031015905982258
2021-03-01,0.0032341537751919467,0.004538560160302889,-0.0006814540959148019,3.763522997109702,0.010074082697761888,0.0013414302436229875,8.9,0.06565325204269445,0.024505601346113792,17.13244637151529
2021-04-01,0.005175705965758226,0.006506703940686383,0.0009357914766852105,3.8732821771117156,-0.013249415992974356,-0.0020289396702466433,0.40000000000000036,-0.03303151296153395,-0.02098651247491823,17.169004483151678
2021-05-01,0.005175705965758226,0.006506703940686383,0.0035105720624155623,4.000033882750859,0.005852651273469789,0.005654952814232672,2.5,0.047927685205661597,0.0021215953098234763,17.125938844913208
2021-06-01,0.005175705965758226,0.006506703940686383,0.010003569478787,4.084294226368599,0.011539939388628184,-0.0013540805525611432,1.0999999999999996,0.025032583323615576,-0.02470014584025293,17.084300153755525
2021-07-01,0.00475438359233434,0.006703707283167641,0.004048535948919962,4.135166556742356,0.0024831035615502373,0.00024898509524895474,0.09999999999999964,0.05254385955336094,0.011322459543271712,17.07356940871837
2021-08-01,0.00475438359233434,0.006703707283167641,0.003416950018960918,4.12552017969055,0.0076190491659406945,0.0030624980848097394,0.9000000000000004,0.03397841811096125,0.022536193377753477,17.06498133330255
2021-09-01,0.00475438359233434,0.006703707283167641,0.003382384669261995,4.096009841541162,0.010928167235473296,0.003003852666346063,-0.5,-0.00868328524552986,-0.012025236398146788,17.10485465834622
2021-10-01,0.0029284444745159752,0.00444745784534728,0.004466238522242705,4.041295341132285,0.013370266996898472,0.000899495676452311,1.6999999999999993,0.023054302131372495,0.004602884421771591,17.08596537253372
2021-11-01,0.0029284444745159752,0.00444745784534728,0.0052455412250509426,4.036008985209137,0.020168182434107784,0.0030441599932595764,-7.4,0.008522687837642984,0.02760057529175075,17.097903176537855
2021-12-01,0.0029284444745159752,0.00444745784534728,0.004049108205347096,4.091005660956586,-0.004835604813317573,0.004480405274366106,0.7000000000000011,-0.008706573902355075,0.006523548171769811,17.09838709342373
2022-01-01,0.0015886222428876569,0.005699948234419772,0.0032879059525736665,4.021773869387265,0.010171188706909362,0.002332152677525734,0.6999999999999993,0.018439915742583857,-0.004477322256101424,17.094457865660683
2022-02-01,0.0015886222428876569,0.005699948234419772,0.002262577389755549,3.8416005411316,-0.00015974185749900727,0.005948343660602262,2.5999999999999996,0.011354629462386079,-0.0059945896420678935,17.121463302959082
2022-03-01,0.0015886222428876569,0.005699948234419772,0.0020269266867831703,4.036008985209137,-0.050939374426090644,0.004687727150479937,-18.5,0.008239643791904783,-0.03510810708987133,17.071463411157122
2022-04-01,0.001235055555951566,0.0028358975663277755,0.002466934974179935,3.977810745966149,0.06223785268202686,0.005830100691476048,1.8000000000000007,0.04195971246595498,0.051714622306808344,17.14740302334143
2022-05-01,0.001235055555951566,0.0028358975663277755,0.0030654316674656457,4.044804116661965,0.00020058881571394238,-0.002381705791651534,3.8999999999999986,0.02095702761866569,0.006288634493301082,17.177899960741538
2022-06-01,0.001235055555951566,0.0028358975663277755,0.003535646274023918,4.034240638152395,-0.00927854875396772,0.004697692814437993,-5.899999999999999,0.0019348710379007983,-0.014042859834130894,17.14314004495038
2022-07-01,0.0005221430914996716,0.001898008844248326,6.096805355326751e-05,3.9889840465642745,-0.005512883451528339,0.008943775310120472,-6.799999999999997,-0.006650681880355336,-0.0019042258180483884,17.091759783815036
2022-08-01,0.0005221430914996716,0.001898008844248326,0.0007165428342137403,3.9852734671677386,0.016168406496891663,-0.00027348837379737034,4.399999999999999,0.014451729623194964,0.003862957341817186,17.176874325423586
2022-09-01,0.0005221430914996716,0.001898008844248326,0.0021291272008845397,3.92395157629342,0.003374043870437049,0.0036793084816864052,-0.30000000000000426,0.0018832784470248498,0.002254574206879134,17.147366124059975
2022-10-01,0.0038399237507154758,0.0022326146493269285,0.0017037208381367464,3.8815637979434374,0.0006355893301401849,0.0033037231603634254,1.5000000000000036,-0.002533792087519693,-0.01794434839395631,17.080690332320447
2022-11-01,0.0038399237507154758,0.0022326146493269285,0.002173708969865018,3.906004933102583,0.00026542946328689254,0.004997722587458675,3.1999999999999993,0.010732705557931155,-0.0036475882590609743,17.14908726898591
2022-12-01,0.0038399237507154758,0.0022326146493269285,0.0012141149794668848,3.9357395320454622,0.007534494921538126,0.000781082767398189,2.6999999999999993,-0.015149254543471713,0.0055744468969107785,17.1286733460696
2023-01-01,0.0045546801859129476,0.0008197873723654325,0.002483906964833693,3.9435216724875173,-0.004386132940740417,0.007119174599147904,2.400000000000002,0.007081791380925573,-0.0030985510795904503,17.11147030297101
2023-02-01,0.0045546801859129476,0.0008197873723654325,0.002855404781742621,3.9646154555473165,-0.0032708591324999148,0.0022547697913557485,1.0999999999999979,-0.011783896914286274,-0.010328716373400049,17.08732907454125
2023-03-01,0.0045546801859129476,0.0008197873723654325,0.004274365785931877,4.037774210733707,0.0037341231644996142,0.0030719589777552514,-2.599999999999998,0.02393386143681031,0.02026900016290334,17.197303762265115
2023-04-01,0.0021384201041468507,0.0021883065732657414,0.004214300093316581,4.084294226368599,-9.466996375540049e-05,0.0032651219644215246,3.599999999999998,-0.02059781412781536,-0.014541852094760443,17.005208859939703
2023-05-01,0.0021384201041468507,0.0021883065732657414,0.0018953617226671327,4.05871738457895,-0.0036755770206378102,0.0036996413413179496,-0.3000000000000007,-0.0013596307878742664,-0.006782851453811745,17.065762476955786
2023-06-01,0.0021384201041468507,0.0021883065732657414,0.0008780326875559297,4.037774210733707,0.009484670839746911,0.0005457989379831218,4.0,-0.0026499544081426407,0.0059709380661070455,17.097760775337967
2023-07-01,0.0014102377908719415,0.0024401803671159072,0.0018118327061902306,3.977810745966149,-0.0043485752474969885,-0.00028817354009902374,4.000000000000002,0.016155600185417285,-0.0029760450515450287,17.049103012577845
2023-08-01,0.0014102377908719415,0.0024401803671159072,0.0016647544875496578,3.966511190712216,-0.01059950568528123,0.006580229085142442,-2.8000000000000007,-0.005457744854707514,-0.008650892343801786,17.05409941212877
2023-09-01,0.0014102377908719415,0.0024401803671159072,0.0017355305700981205,3.8979240810486444,0.007658309834710941,0.0019156451805599772,-5.1,-0.003520216002091736,0.007268983200630963,17.039827246145517
2023-10-01,0.0016897192812740751,0.003399108542210705,0.0011156364234796712,3.9219733362813143,-0.007650413697343872,0.0043441812939502,1.1999999999999993,0.009689783274896335,-0.005316747271167266,17.04311646156556
2023-11-01,0.0016897192812740751,0.003399108542210705,0.0019267328324001909,3.933784497209659,0.012733958263527079,0.001652511126259526,0.1999999999999993,0.010220361884086593,0.01482214578395169,17.0977695328358
2023-12-01,0.0016897192812740751,0.003399108542210705,0.0019482984619809685,3.9318256327243257,0.0017891844434929638,-7.723402757520148e-05,0.9000000000000021,0.002942533832173133,-0.017215413735478968,17.043871505071547
2024-01-01,0.0013508858423308585,0.0027055884868400306,0.002081902025720339,3.9415818076696905,0.0009023347745067412,0.009730532377410839,-0.6000000000000014,-0.010206488290397608,0.0208058699404452,17.07832369296547
2024-02-01,0.0013508858423308585,0.0027055884868400306,0.0028434725307064923,3.9531649487593215,-0.004184825365737943,0.00133371308568897,1.6999999999999993,0.010747166249154283,0.014127792493169977,17.07968599545927
2024-03-01,0.0013508858423308585,0.0027055884868400306,0.0030245737146170626,4.001863709427935,0.011551102932011226,0.008053110337598035,1.4000000000000021,-0.013229306735614621,-0.019562749011477365,16.980413844599738
2024-04-01,0.0014330908370000135,0.0023695077359136008,0.002183493772346168,4.027135812528651,-0.007088740029872476,-0.001383186962502947,1.0,0.021768642948945427,-0.006278989056272444,17.09576068194664
2024-05-01,0.0014330908370000135,0.0023695077359136008,0.0023193053327688062,4.028916756899646,-0.003018173989063122,0.006574610206344644,0.1999999999999993,0.0004078678564702898,-0.003523162942872027,17.0430061936139
2024-06-01,0.0014330908370000135,0.0023695077359136008,0.0016193308663776662,4.041295341132285,0.01639823416539432,0.0024248813937530755,0.09999999999999964,-0.006055107782962921,0.009041661890837993,17.037239730829402
2024-07-01,0.0027380422698962312,0.0023662503959685686,0.0007974155690000373,4.039536325727106,-0.0018078641234398063,0.00018322806413806347,0.5999999999999996,0.010021134471477566,-0.012297172165875558,17.097558173378633
2024-08-01,0.0027380422698962312,0.0023662503959685686,0.0013766345280465941,3.9871304779149512,0.0045093398582318756,0.0041206657917287615,-1.3999999999999986,-0.009884390034551771,-0.008639362590708188,17.05192534610192
2024-09-01,0.0027380422698962312,0.0023662503959685686,0.0015976135650479506,4.000033882750859,0.011981354161462399,0.0021467380975792594,3.0,0.01442159929459752,0.021302037252491246,17.066157103363178
2024-10-01,0.002426684374090845,0.0018874844661696717,0.002728513498077234,4.04305126783455,0.007149173256776997,-2.5764176205811395e-06,-1.2199999999999989,-0.0003488962227731207,0.012787157615168354,17.096539522604242
2024-11-01,0.002426684374090845,0.0018874844661696717,0.0013524864776268686,4.005513348515485,-0.011263118208737488,0.006265082796516275,0.1599999999999966,-0.003352428881944647,-0.018303634333901364,17.016897300680803
2024-12-01,0.002426684374090845,0.0018874844661696717,0.002190766254916099,3.9721769282478934,-0.007678494812783043,-0.009262512929373301,3.299999999999999,0.017112506105881664,0.01100268879991706,17.06507905720864
2025-01-01,-0.000968554815710713,-0.0007537117369874243,0.0016723975352430642,4.048300623720694,0.017057801818940455,0.011241395553719613,0.5000000000000036,0.012283734108311073,-0.01169811984615432,17.04808687885076
2025-02-01,-0.000968554815710713,-0.0007537117369874243,0.0027409734900736282,4.005513348515485,0.011261152113934081,0.007005796912208595,-1.7763568394002505e-15,0.00033992846378350094,0.0074161325674895195,17.05016131695166
2025-03-01,-0.000968554815710713,-0.0007537117369874243,0.001075016548998775,4.028916756899646,-0.0028408835070719007,-0.001556655055679812,0.22000000000000064,0.0005637174612109774,0.00905419022175824,17.07163586878707
2025-04-01,,,0.0032144207617204046,4.001863709427935,-0.00971470269921415,-0.005581343142719852,-4.779999999999999,-0.008922295533444036,-0.009194279543727646,17.05055068393802
2025-05-01,,,-0.10971658177948918,3.977810745966149,-0.09222432973131056,-0.10907114635649418,-1.5999999999999996,-0.21724820487682983,-0.005528450704629151,17.041714532801734
